,nt,resi,resn,nuclei,RDC_SAS,C Dimension,H Dimension,genra,Data_set
0,G18,18,GUA,C1',-30.1,-27.2,-30.1,C1',0bp
1,C19,19,CYT,C1',-29.4,-28.2,-30.5,C1',0bp
2,G21,21,GUA,C1',-41.8,-41.4,-42.3,C1',0bp
3,A22,22,ADE,C1',-1.5,-1.6,-1.3,C1',0bp
4,U23,23,URA,C1',3.6,3.6,3.6,C1',0bp
5,U25,25,URA,C1',-25.7,-25.7,-22.5,C1',0bp
6,A27,27,ADE,C1',-0.1,-0.1,-0.1,C1',0bp
7,G28,28,GUA,C1',-35.8,-35.6,-36.0,C1',0bp
8,A35,35,ADE,C1',-6.4,-6.1,-6.7,C1',0bp
9,G36,36,GUA,C1',-29.0,-29.0,-29.1,C1',0bp
10,C39,39,CYT,C1',-21.7,-20.5,-23.0,C1',0bp
11,G43,43,GUA,C1',-16.2,-15.2,-17.2,C1',0bp
12,A20,20,ADE,C2,21.7,22.4,21.0,C2,0bp
13,A22,22,ADE,C2,22.0,24.5,20.8,C2,0bp
14,A27,27,ADE,C2,27.9,27.2,28.6,C2,0bp
15,A35,35,ADE,C2,26.5,25.8,27.3,C2,0bp
16,U23,23,URA,C5,10.2,9.2,11.2,C5,0bp
17,C37,37,CYT,C5,24.4,24.8,23.9,C5,0bp
18,G18,18,GUA,C8,16.3,16.7,15.9,C6C8,0bp
19,A20,20,ADE,C8,21.4,21.0,21.8,C6C8,0bp
20,G21,21,GUA,C8,21.3,21.1,21.5,C6C8,0bp
21,A22,22,ADE,C8,22.5,21.0,24.0,C6C8,0bp
22,U23,23,URA,C6,9.7,10.3,9.2,C6C8,0bp
23,C24,24,CYT,C6,26.0,25.6,26.3,C6C8,0bp
24,U38,38,URA,C6,27.3,25.9,28.7,C6C8,0bp
25,G26,26,GUA,C8,32.4,31.7,33.0,C6C8,0bp
26,A27,27,ADE,C8,29.6,29.4,29.8,C6C8,0bp
27,C29,29,CYT,C6,21.3,20.6,22.0,C6C8,0bp
28,G34,34,GUA,C8,28.0,28.1,27.8,C6C8,0bp
29,G36,36,GUA,C8,30.6,31.2,29.9,C6C8,0bp
30,U25,25,URA,C6,24.5,24.3,24.7,C6C8,0bp
31,U40,40,URA,C6,23.8,25.0,22.5,C6C8,0bp
32,C41,41,CYT,C6,16.0,14.1,17.9,C6C8,0bp
33,U42,42,URA,C6,16.6,15.2,18.0,C6C8,0bp
34,G43,43,GUA,C8,18.9,18.1,19.7,C6C8,0bp
35,C30,30,CYT,C1',-18.6,-19.7,-17.5,C1',0bp
36,G33,33,GUA,C8,30.6,29.3,31.8,C6C8,0bp
37,G18,18,GUA,N1,-9.0,-8.8,-9.3,N1N3,0bp
38,G21,21,GUA,N1,-11.0,-11.3,-10.7,N1N3,0bp
39,U25,25,URA,N3,-14.2,-12.3,-16.1,N1N3,0bp
40,G26,26,GUA,N1,-14.5,-13.7,-15.3,N1N3,0bp
41,G33,33,GUA,N1,-10.3,-9.2,-11.5,N1N3,0bp
42,U38,38,URA,N3,-12.1,-11.3,-13.0,N1N3,0bp
43,U42,42,URA,N3,-9.2,-8.8,-9.6,N1N3,0bp
44,A22,22,ADE,C1',-2.9,-3.1,-2.8,C1',5bp
45,U23,23,URA,C1',1.8,1.3,2.2,C1',5bp
46,A35,35,ADE,C1',-3.9,-3.7,-4.1,C1',5bp
47,A20,20,ADE,C2,25.0,25.2,24.8,C2,5bp
48,A22,22,ADE,C2,23.2,23.0,23.5,C2,5bp
49,A35,35,ADE,C2,29.3,33.1,29.3,C2,5bp
50,U23,23,URA,C5,12.3,12.3,12.3,C5,5bp
51,U23,23,URA,C6,9.0,8.8,9.4,C6C8,5bp
52,G18,18,GUA,C8,23.0,23.8,22.1,C6C8,5bp
53,A20,20,ADE,C8,20.2,25.1,20.2,C6C8,5bp
54,G21,21,GUA,C8,22.5,25.0,22.5,C6C8,5bp
55,G26,26,GUA,C8,29.5,29.5,26.8,C6C8,5bp
56,A27,27,ADE,C8,25.1,29.4,25.1,C6C8,5bp
57,G33,33,GUA,C8,28.2,30.8,28.2,C6C8,5bp
58,G34,34,GUA,C8,31.6,33.7,30.8,C6C8,5bp
59,G36,36,GUA,C8,29.7,29.5,29.8,C6C8,5bp
60,G43,43,GUA,C8,19.4,23.2,19.4,C6C8,5bp
61,G33,33,GUA,N1,-15.2,-15.4,-14.9,N1N3,5bp
62,U25,25,URA,N3,-14.7,-14.5,-14.9,N1N3,5bp
63,U38,38,URA,N3,-12.4,-12.6,-12.3,N1N3,5bp
