pdbid,nt1,nt1_num,nt2,nt2_num,LW,C1C1_dist,hbonds_num,hbonds_desc,in_helix,in_stem,chi1,chi2,sugar1,sugar2
far_md_1353,X.GUA17,17,X.CYT45,45,cWW,10.659,3,"O6(carbonyl)-N4(amino)[2.86],N1(imino)-N3[2.87],N2(amino)-O2(carbonyl)[3.01]",True,True,-161.246,-145.899,~C3'-endo,~C3'-endo
far_md_1353,X.GUA18,18,X.CYT44,44,cWW,10.775,3,"O6(carbonyl)-N4(amino)[3.07],N1(imino)-N3[3.00],N2(amino)-O2(carbonyl)[2.75]",True,True,-164.465,-140.307,~C3'-endo,~C3'-endo
far_md_1353,X.CYT19,19,X.GUA43,43,cWW,10.515,3,"N4(amino)-O6(carbonyl)[3.21],N3-N1(imino)[2.95],O2(carbonyl)-N2(amino)[2.93]",True,True,-142.411,-149.743,~C3'-endo,~C3'-endo
far_md_1353,X.ADE20,20,X.URA42,42,cWW,10.936,2,"N6(amino)-O4(carbonyl)[2.96],N1-N3(imino)[2.96]",True,True,176.486,-152.739,~C3'-endo,~C3'-endo
far_md_1353,X.GUA21,21,X.CYT41,41,cWW,10.874,3,"O6(carbonyl)-N4(amino)[2.89],N1(imino)-N3[2.93],N2(amino)-O2(carbonyl)[2.85]",True,True,-159.434,-162.649,~C3'-endo,~C3'-endo
far_md_1353,X.ADE22,22,X.URA40,40,cWW,11.212,2,"N6(amino)-O4(carbonyl)[2.99],N1-N3(imino)[3.26]",True,True,-166.708,-134.632,~C3'-endo,~C2'-endo
far_md_1353,X.CYT24,24,X.CYT39,39,cWW,9.425,1,N3-N4(amino)[2.93],True,False,-152.014,-148.209,~C3'-endo,~C3'-endo
far_md_1353,X.URA25,25,X.URA38,38,cWW,9.048,2,"O4(carbonyl)-N3(imino)[2.75],N3(imino)-O2(carbonyl)[3.02]",True,False,-169.49,-155.488,~C3'-endo,~C3'-endo
far_md_1353,X.GUA26,26,X.CYT37,37,cWW,10.849,3,"O6(carbonyl)-N4(amino)[3.14],N1(imino)-N3[3.05],N2(amino)-O2(carbonyl)[3.06]",True,False,-155.888,-165.064,~C3'-endo,~C3'-endo
far_md_1353,X.ADE27,27,X.GUA36,36,cWW,12.746,2,"N6(amino)-O6(carbonyl)[2.77],N1-N1(imino)[2.86]",True,False,-176.302,176.725,~C3'-endo,~C3'-endo
far_md_1353,X.GUA28,28,X.ADE35,35,cWW,12.751,3,"O6(carbonyl)-N6(amino)[2.99],N1(imino)-N1[3.04],N2(amino)-N1[2.96]",True,False,-170.632,-159.049,~C3'-endo,~C3'-endo
far_md_1353,X.CYT29,29,X.GUA34,34,cWW,10.725,3,"N4(amino)-O6(carbonyl)[3.07],N3-N1(imino)[2.96],O2(carbonyl)-N2(amino)[2.78]",True,True,-167.331,-155.137,~C3'-endo,~C3'-endo
far_md_1353,X.CYT30,30,X.GUA33,33,cWW,10.592,3,"N4(amino)-O6(carbonyl)[2.87],N3-N1(imino)[2.87],O2(carbonyl)-N2(amino)[2.78]",True,True,-158.112,-162.149,~C3'-endo,~C3'-endo
far_md_1353,X.URA51,51,X.GUA54,54,tWW,9.644,2,"O2(carbonyl)-N1(imino)[2.83],O2'(hydroxyl)-O6(carbonyl)[2.64]",True,False,-156.911,67.516,~C3'-endo,~C3'-endo
far_md_1501,X.GUA17,17,X.CYT45,45,cWW,10.815,3,"N1(imino)-N3[2.92],N2(amino)-O2(carbonyl)[2.91],O6(carbonyl)-N4(amino)[2.79]",True,True,-172.233,-163.234,~C3'-endo,~C3'-endo
far_md_1501,X.GUA18,18,X.CYT44,44,cWW,10.726,3,"N1(imino)-N3[2.90],N2(amino)-O2(carbonyl)[2.81],O6(carbonyl)-N4(amino)[2.85]",True,True,-168.019,-164.099,~C3'-endo,~C3'-endo
far_md_1501,X.CYT19,19,X.GUA43,43,cWW,10.727,3,"O2(carbonyl)-N2(amino)[2.80],N3-N1(imino)[2.90],N4(amino)-O6(carbonyl)[2.86]",True,True,-162.482,-168.452,~C3'-endo,~C3'-endo
far_md_1501,X.ADE20,20,X.URA42,42,cWW,10.771,2,"N1-N3(imino)[2.91],N6(amino)-O4(carbonyl)[2.82]",True,True,-164.376,-163.468,~C3'-endo,~C3'-endo
far_md_1501,X.GUA21,21,X.CYT41,41,cWW,10.764,3,"N1(imino)-N3[2.91],N2(amino)-O2(carbonyl)[2.84],O6(carbonyl)-N4(amino)[2.84]",True,True,-165.436,-163.764,~C3'-endo,~C3'-endo
far_md_1501,X.ADE22,22,X.URA40,40,cWW,11.483,2,"N1-N3(imino)[3.65],N6(amino)-O4(carbonyl)[3.63]",True,True,-164.766,-156.774,~C3'-endo,~C3'-endo
far_md_1501,X.CYT24,24,X.CYT39,39,tWS,8.895,2,"N4(amino)-O2'(hydroxyl)[3.07],N4(amino)-O2(carbonyl)[2.54]",True,False,-173.612,-162.428,~C3'-endo,~C3'-endo
far_md_1501,X.URA25,25,X.URA38,38,cWW,9.764,2,"O2(carbonyl)-N3(imino)[3.83],N3(imino)-O4(carbonyl)[2.88]",True,False,-158.22,-174.361,~C3'-endo,~C3'-endo
far_md_1501,X.GUA26,26,X.CYT37,37,cWW,10.682,3,"N1(imino)-N3[2.90],N2(amino)-O2(carbonyl)[2.99],O6(carbonyl)-N4(amino)[2.83]",True,False,-156.341,-157.536,~C3'-endo,~C3'-endo
far_md_1501,X.ADE27,27,X.GUA36,36,cWW,12.91,2,"N1-N1(imino)[2.89],N6(amino)-O6(carbonyl)[2.78]",True,False,-162.881,-176.493,~C3'-endo,~C3'-endo
far_md_1501,X.GUA28,28,X.ADE35,35,cWW,12.727,2,"N1(imino)-N1[2.85],O6(carbonyl)-N6(amino)[2.87]",True,False,-167.488,-159.076,~C3'-endo,~C3'-endo
far_md_1501,X.CYT29,29,X.GUA34,34,cWW,10.834,3,"O2(carbonyl)-N2(amino)[3.00],N3-N1(imino)[2.98],N4(amino)-O6(carbonyl)[2.87]",True,True,-158.756,-165.499,~C3'-endo,~C3'-endo
far_md_1501,X.CYT30,30,X.GUA33,33,cWW,10.704,3,"O2(carbonyl)-N2(amino)[2.78],N3-N1(imino)[2.86],N4(amino)-O6(carbonyl)[2.76]",True,True,-166.182,-168.548,~C3'-endo,~C3'-endo
far_md_1501,X.URA51,51,X.GUA54,54,t.W,9.731,1,O2(carbonyl)-N1(imino)[2.81],True,False,-136.432,47.891,~C2'-endo,~C3'-endo
far_md_1502,X.GUA17,17,X.CYT45,45,cWW,10.817,3,"N1(imino)-N3[2.93],N2(amino)-O2(carbonyl)[2.91],O6(carbonyl)-N4(amino)[2.81]",True,True,-170.974,-160.773,~C3'-endo,~C3'-endo
far_md_1502,X.GUA18,18,X.CYT44,44,cWW,10.725,3,"N1(imino)-N3[2.90],N2(amino)-O2(carbonyl)[2.81],O6(carbonyl)-N4(amino)[2.85]",True,True,-168.053,-164.008,~C3'-endo,~C3'-endo
far_md_1502,X.CYT19,19,X.GUA43,43,cWW,10.727,3,"O2(carbonyl)-N2(amino)[2.80],N3-N1(imino)[2.90],N4(amino)-O6(carbonyl)[2.86]",True,True,-162.554,-168.52,~C3'-endo,~C3'-endo
far_md_1502,X.ADE20,20,X.URA42,42,cWW,10.771,2,"N1-N3(imino)[2.91],N6(amino)-O4(carbonyl)[2.82]",True,True,-164.358,-163.541,~C3'-endo,~C3'-endo
far_md_1502,X.GUA21,21,X.CYT41,41,cWW,10.763,3,"N1(imino)-N3[2.91],N2(amino)-O2(carbonyl)[2.84],O6(carbonyl)-N4(amino)[2.84]",True,True,-165.425,-163.759,~C3'-endo,~C3'-endo
far_md_1502,X.ADE22,22,X.URA40,40,cWW,10.848,2,"N1-N3(imino)[2.87],N6(amino)-O4(carbonyl)[2.78]",True,True,-136.387,-167.113,~C3'-endo,~C3'-endo
far_md_1502,X.URA23,23,X.URA40,40,cWW,9.126,1,N3(imino)-O4(carbonyl)[2.91],False,False,-167.219,-167.113,~C3'-endo,~C3'-endo
far_md_1502,X.CYT24,24,X.CYT39,39,cWW,8.456,2,"O2(carbonyl)*O2(carbonyl)[3.21],N3*N3[3.31]",True,False,-150.655,-160.738,~C3'-endo,~C3'-endo
far_md_1502,X.URA25,25,X.URA38,38,cWW,8.865,2,"N3(imino)-O2(carbonyl)[2.99],O4(carbonyl)-N3(imino)[2.75]",True,False,-167.45,-160.52,~C3'-endo,~C3'-endo
far_md_1502,X.GUA26,26,X.CYT37,37,cWW,10.556,3,"N1(imino)-N3[2.89],N2(amino)-O2(carbonyl)[2.89],O6(carbonyl)-N4(amino)[2.81]",True,False,-165.25,-161.871,~C3'-endo,~C3'-endo
far_md_1502,X.ADE27,27,X.GUA36,36,cWW,12.728,2,"N1-N1(imino)[2.85],N6(amino)-O6(carbonyl)[2.81]",True,False,-161.487,-165.984,~C3'-endo,~C3'-endo
far_md_1502,X.GUA28,28,X.ADE35,35,cWW,12.793,2,"N1(imino)-N1[2.88],O6(carbonyl)-N6(amino)[2.89]",True,False,-172.187,-153.34,~C3'-endo,~C3'-endo
far_md_1502,X.CYT29,29,X.GUA34,34,cWW,10.712,3,"O2(carbonyl)-N2(amino)[2.87],N3-N1(imino)[2.96],N4(amino)-O6(carbonyl)[2.94]",True,True,-159.133,-158.967,~C3'-endo,~C3'-endo
far_md_1502,X.CYT30,30,X.GUA33,33,cWW,10.798,3,"O2(carbonyl)-N2(amino)[2.84],N3-N1(imino)[2.82],N4(amino)-O6(carbonyl)[2.71]",True,True,-169.092,-166.744,~C3'-endo,~C3'-endo
far_md_1502,X.URA51,51,X.GUA54,54,tSW,9.491,1,O2(carbonyl)-N1(imino)[2.74],True,False,-136.864,47.879,~C2'-endo,~C3'-endo
far_md_2172,X.GUA17,17,X.CYT45,45,cWW,10.657,3,"O6(carbonyl)-N4(amino)[2.94],N1(imino)-N3[2.89],N2(amino)-O2(carbonyl)[2.77]",True,True,-168.789,-157.782,~C3'-endo,~C3'-endo
far_md_2172,X.GUA18,18,X.CYT44,44,cWW,10.671,3,"O6(carbonyl)-N4(amino)[3.04],N1(imino)-N3[2.86],N2(amino)-O2(carbonyl)[2.88]",True,True,-168.621,-159.305,~C3'-endo,~C3'-endo
far_md_2172,X.CYT19,19,X.GUA43,43,cWW,10.59,3,"N4(amino)-O6(carbonyl)[2.69],N3-N1(imino)[2.81],O2(carbonyl)-N2(amino)[2.78]",True,True,-168.854,-166.526,~C3'-endo,~C3'-endo
far_md_2172,X.ADE20,20,X.URA42,42,cWW,11.139,2,"N6(amino)-O4(carbonyl)[2.91],N1-N3(imino)[3.19]",True,True,-144.649,-141.1,~C3'-endo,~C3'-endo
far_md_2172,X.GUA21,21,X.CYT41,41,cWW,10.176,3,"O6(carbonyl)-N4(amino)[3.67],N1(imino)-N3[3.04],N2(amino)-O2(carbonyl)[2.84]",True,True,-169.359,-111.952,~C3'-endo,~C3'-endo
far_md_2172,X.ADE22,22,X.CYT37,37,tW.,13.234,1,N1-N4(amino)[3.11],False,False,-160.125,-160.74,~C3'-endo,~C3'-endo
far_md_2172,X.CYT24,24,X.URA40,40,cSW,7.289,1,O2(carbonyl)-N3(imino)[2.96],True,False,-156.795,-115.398,....,~C2'-endo
far_md_2172,X.URA25,25,X.URA38,38,cWW,8.639,2,"O4(carbonyl)-N3(imino)[3.01],N3(imino)-O2(carbonyl)[2.79]",True,False,-143.538,-141.9,~C3'-endo,~C3'-endo
far_md_2172,X.GUA26,26,X.CYT37,37,cWW,10.709,3,"O6(carbonyl)-N4(amino)[2.98],N1(imino)-N3[2.99],N2(amino)-O2(carbonyl)[2.96]",True,False,-157.326,-160.74,~C3'-endo,~C3'-endo
far_md_2172,X.ADE27,27,X.GUA36,36,cWW,12.945,2,"N6(amino)-O6(carbonyl)[2.84],N1-N1(imino)[2.96]",True,False,-155.56,-168.689,~C3'-endo,~C3'-endo
far_md_2172,X.GUA28,28,X.ADE35,35,cWW,12.734,2,"O6(carbonyl)-N6(amino)[2.97],N1(imino)-N1[2.86]",True,False,179.372,-156.989,~C3'-endo,~C3'-endo
far_md_2172,X.CYT29,29,X.GUA34,34,cWW,10.875,3,"N4(amino)-O6(carbonyl)[2.94],N3-N1(imino)[2.95],O2(carbonyl)-N2(amino)[2.99]",True,True,-149.128,-137.139,~C3'-endo,~C3'-endo
far_md_2172,X.CYT30,30,X.GUA33,33,cWW,10.708,3,"N4(amino)-O6(carbonyl)[2.76],N3-N1(imino)[2.84],O2(carbonyl)-N2(amino)[2.77]",True,True,-157.825,-178.121,~C3'-endo,~C3'-endo
far_md_2172,X.URA51,51,X.GUA54,54,tSW,9.28,2,"O2(carbonyl)-N1(imino)[2.98],O2(carbonyl)-N2(amino)[3.00]",True,False,-163.642,55.252,~C3'-endo,~C3'-endo
far_md_2179,X.GUA17,17,X.CYT45,45,cWW,10.694,4,"O6(carbonyl)-N4(amino)[3.01],N1(imino)-N3[3.01],N1(imino)-O2(carbonyl)[3.10],N2(amino)-O2(carbonyl)[2.64]",True,True,-161.861,-156.115,~C3'-endo,~C3'-endo
far_md_2179,X.GUA18,18,X.CYT44,44,cWW,10.517,3,"O6(carbonyl)-N4(amino)[3.12],N1(imino)-N3[3.02],N2(amino)-O2(carbonyl)[2.75]",True,True,-176.411,-146.413,~C3'-endo,~C3'-endo
far_md_2179,X.CYT19,19,X.GUA43,43,cWW,10.722,3,"N4(amino)-O6(carbonyl)[3.05],N3-N1(imino)[2.98],O2(carbonyl)-N2(amino)[2.93]",True,True,-146.882,-161.392,~C3'-endo,~C3'-endo
far_md_2179,X.ADE20,20,X.URA42,42,cWW,10.698,2,"N6(amino)-O4(carbonyl)[2.97],N1-N3(imino)[3.03]",True,True,-167.642,-157.478,~C3'-endo,~C3'-endo
far_md_2179,X.GUA21,21,X.CYT41,41,cWW,10.949,3,"O6(carbonyl)-N4(amino)[3.01],N1(imino)-N3[3.08],N2(amino)-O2(carbonyl)[2.91]",True,True,-158.905,-146.321,~C3'-endo,~C3'-endo
far_md_2179,X.CYT24,24,X.URA40,40,cWW,7.931,2,"O2(carbonyl)-N3(imino)[3.06],O2'(hydroxyl)-O2(carbonyl)[3.82]",True,False,-152.388,-108.694,~C3'-endo,~C2'-endo
far_md_2179,X.URA25,25,X.URA38,38,cWW,9.21,2,"O4(carbonyl)-N3(imino)[2.97],N3(imino)-O2(carbonyl)[3.20]",True,False,-167.453,-154.41,~C3'-endo,~C3'-endo
far_md_2179,X.GUA26,26,X.CYT37,37,cWW,10.843,3,"O6(carbonyl)-N4(amino)[2.69],N1(imino)-N3[3.02],N2(amino)-O2(carbonyl)[3.05]",True,False,-164.707,-171.697,~C3'-endo,~C3'-endo
far_md_2179,X.ADE27,27,X.GUA36,36,cWW,12.883,2,"N6(amino)-O6(carbonyl)[3.00],N1-N1(imino)[2.93]",True,False,-157.051,-163.773,~C3'-endo,~C3'-endo
far_md_2179,X.GUA28,28,X.ADE35,35,cWW,12.966,3,"O6(carbonyl)-N6(amino)[3.14],N1(imino)-N1[3.19],N2(amino)-N1[2.91]",True,False,-175.093,-159.676,~C3'-endo,~C3'-endo
far_md_2179,X.CYT29,29,X.GUA34,34,cWW,10.806,3,"N4(amino)-O6(carbonyl)[3.25],N3-N1(imino)[3.01],O2(carbonyl)-N2(amino)[2.90]",True,True,-160.675,-157.091,~C3'-endo,~C3'-endo
far_md_2179,X.CYT30,30,X.GUA33,33,cWW,10.809,3,"N4(amino)-O6(carbonyl)[2.74],N3-N1(imino)[2.92],O2(carbonyl)-N2(amino)[2.89]",True,True,-146.673,-158.025,~C3'-endo,~C3'-endo
far_md_2179,X.URA51,51,X.GUA54,54,tSW,8.76,2,"O2(carbonyl)-N1(imino)[2.86],O2(carbonyl)-N2(amino)[2.93]",True,False,-142.076,42.009,~C3'-endo,....
far_md_2190,X.GUA17,17,X.CYT45,45,cWW,11.053,3,"O6(carbonyl)-N4(amino)[2.78],N1(imino)-N3[2.92],N2(amino)-O2(carbonyl)[3.11]",True,True,-178.204,-149.532,~C3'-endo,~C2'-endo
far_md_2190,X.GUA18,18,X.CYT44,44,cWW,10.539,3,"O6(carbonyl)-N4(amino)[3.01],N1(imino)-N3[2.87],N2(amino)-O2(carbonyl)[2.74]",True,True,-164.341,-167.646,~C3'-endo,~C3'-endo
far_md_2190,X.CYT19,19,X.GUA43,43,cWW,10.695,3,"N4(amino)-O6(carbonyl)[2.90],N3-N1(imino)[3.09],O2(carbonyl)-N2(amino)[2.97]",True,True,-149.499,-161.742,~C3'-endo,~C3'-endo
far_md_2190,X.ADE20,20,X.URA42,42,cWW,11.171,2,"N6(amino)-O4(carbonyl)[2.90],N1-N3(imino)[2.97]",True,True,-168.191,-162.698,~C3'-endo,~C3'-endo
far_md_2190,X.GUA21,21,X.CYT41,41,cWW,10.807,3,"O6(carbonyl)-N4(amino)[3.10],N1(imino)-N3[3.01],N2(amino)-O2(carbonyl)[2.76]",True,True,-162.816,-147.312,~C3'-endo,~C3'-endo
far_md_2190,X.ADE22,22,X.GUA26,26,cWH,10.894,2,"N6(amino)-O6(carbonyl)[3.09],N1*N7[3.32]",False,False,-145.929,-144.871,~C2'-endo,~C3'-endo
far_md_2190,X.ADE22,22,X.CYT37,37,...,14.591,1,N6(amino)*N4(amino)[3.30],False,False,-145.929,-167.262,~C2'-endo,~C3'-endo
far_md_2190,X.CYT24,24,X.URA40,40,cSW,6.825,1,O2(carbonyl)-N3(imino)[2.63],True,False,-138.006,-89.333,~C3'-endo,~C2'-endo
far_md_2190,X.URA25,25,X.URA38,38,cWW,8.756,2,"O4(carbonyl)-N3(imino)[2.97],N3(imino)-O2(carbonyl)[2.96]",True,False,-150.755,-158.975,~C3'-endo,~C3'-endo
far_md_2190,X.GUA26,26,X.CYT37,37,cWW,10.716,3,"O6(carbonyl)-N4(amino)[2.76],N1(imino)-N3[2.90],N2(amino)-O2(carbonyl)[2.83]",True,False,-144.871,-167.262,~C3'-endo,~C3'-endo
far_md_2190,X.ADE27,27,X.GUA36,36,cWW,12.827,2,"N6(amino)-O6(carbonyl)[2.90],N1-N1(imino)[3.03]",True,False,-145.69,-167.385,~C3'-endo,~C3'-endo
far_md_2190,X.GUA28,28,X.ADE35,35,cWW,13.141,2,"O6(carbonyl)-N6(amino)[2.99],N1(imino)-N1[3.22]",True,False,-164.428,-170.358,~C3'-endo,~C3'-endo
far_md_2190,X.CYT29,29,X.GUA34,34,cWW,10.692,3,"N4(amino)-O6(carbonyl)[3.10],N3-N1(imino)[2.91],O2(carbonyl)-N2(amino)[2.80]",True,True,-161.795,-164.612,~C3'-endo,~C3'-endo
far_md_2190,X.CYT30,30,X.GUA33,33,cWW,10.254,4,"N4(amino)-O6(carbonyl)[2.95],N3-N1(imino)[2.91],O2(carbonyl)-N1(imino)[3.16],O2(carbonyl)-N2(amino)[2.81]",True,True,-156.773,-179.441,~C3'-endo,~C3'-endo
far_md_2190,X.URA51,51,X.GUA54,54,tSW,9.082,1,O2(carbonyl)-N1(imino)[2.84],True,False,-116.24,37.295,~C2'-endo,~C3'-endo
far_md_2473,X.GUA17,17,X.CYT45,45,cWW,10.479,3,"O6(carbonyl)-N4(amino)[2.98],N1(imino)-N3[2.96],N2(amino)-O2(carbonyl)[2.71]",True,True,161.965,-161.614,~C3'-endo,~C3'-endo
far_md_2473,X.GUA18,18,X.CYT44,44,cWW,10.274,3,"O6(carbonyl)-N4(amino)[2.94],N1(imino)-N3[2.83],N2(amino)-O2(carbonyl)[2.67]",True,True,-150.646,-169.363,~C3'-endo,~C3'-endo
far_md_2473,X.CYT19,19,X.GUA43,43,cWW,10.461,3,"N4(amino)-O6(carbonyl)[2.99],N3-N1(imino)[3.01],O2(carbonyl)-N2(amino)[2.78]",True,True,-165.099,-147.721,~C3'-endo,~C3'-endo
far_md_2473,X.ADE20,20,X.URA42,42,cWW,10.409,2,"N6(amino)-O4(carbonyl)[2.84],N1-N3(imino)[2.75]",True,True,-154.19,-161.609,~C3'-endo,~C3'-endo
far_md_2473,X.GUA21,21,X.CYT41,41,cWW,10.426,3,"O6(carbonyl)-N4(amino)[2.90],N1(imino)-N3[2.92],N2(amino)-O2(carbonyl)[2.76]",True,True,-156.744,-159.171,~C3'-endo,~C3'-endo
far_md_2473,X.ADE22,22,X.URA40,40,cWW,10.472,2,"N6(amino)-O4(carbonyl)[3.00],N1-N3(imino)[2.92]",True,True,-125.53,-148.743,~C2'-endo,~C3'-endo
far_md_2473,X.CYT24,24,X.CYT39,39,cWW,8.259,1,O2(carbonyl)*O2(carbonyl)[3.21],True,False,-147.846,-150.013,....,~C3'-endo
far_md_2473,X.URA25,25,X.URA38,38,cWW,8.727,2,"N3(imino)-O4(carbonyl)[2.65],O2(carbonyl)-N3(imino)[2.98]",True,False,-124.826,-157.068,~C3'-endo,~C3'-endo
far_md_2473,X.GUA26,26,X.CYT37,37,cWW,11.097,3,"O6(carbonyl)-N4(amino)[3.16],N1(imino)-N3[3.35],N2(amino)-O2(carbonyl)[3.17]",True,False,-136.354,-166.47,~C3'-endo,~C3'-endo
far_md_2473,X.ADE27,27,X.GUA36,36,cWW,12.601,3,"N6(amino)-O6(carbonyl)[2.96],N1-N1(imino)[3.16],N1-N2(amino)[3.29]",True,False,-142.683,-155.184,~C3'-endo,~C3'-endo
far_md_2473,X.GUA28,28,X.ADE35,35,cWW,13.058,2,"O6(carbonyl)-N6(amino)[2.71],N1(imino)-N1[2.92]",True,False,-157.861,-160.883,~C3'-endo,~C3'-endo
far_md_2473,X.CYT29,29,X.GUA34,34,cWW,10.805,3,"N4(amino)-O6(carbonyl)[2.72],N3-N1(imino)[2.95],O2(carbonyl)-N2(amino)[2.97]",True,True,-157.485,-150.979,~C3'-endo,~C3'-endo
far_md_2473,X.CYT30,30,X.GUA33,33,cWW,10.489,3,"N4(amino)-O6(carbonyl)[2.77],N3-N1(imino)[2.91],O2(carbonyl)-N2(amino)[2.85]",True,True,-160.322,-175.229,~C3'-endo,~C3'-endo
far_md_2607,X.GUA17,17,X.CYT45,45,cWW,10.966,3,"O6(carbonyl)-N4(amino)[2.91],N1(imino)-N3[2.96],N2(amino)-O2(carbonyl)[2.87]",True,True,-164.259,-129.816,~C3'-endo,~C2'-endo
far_md_2607,X.GUA18,18,X.CYT44,44,cWW,10.441,3,"O6(carbonyl)-N4(amino)[2.97],N1(imino)-N3[2.81],N2(amino)-O2(carbonyl)[2.76]",True,True,-157.291,-157.134,~C3'-endo,~C3'-endo
far_md_2607,X.CYT19,19,X.GUA43,43,cWW,10.972,3,"N4(amino)-O6(carbonyl)[2.88],N3-N1(imino)[2.96],O2(carbonyl)-N2(amino)[3.16]",True,True,-157.876,-153.986,~C3'-endo,~C3'-endo
far_md_2607,X.ADE20,20,X.URA42,42,cWW,10.794,2,"N6(amino)-O4(carbonyl)[2.92],N1-N3(imino)[3.02]",True,True,-152.906,-145.464,~C3'-endo,~C3'-endo
far_md_2607,X.GUA21,21,X.CYT41,41,cWW,10.917,3,"O6(carbonyl)-N4(amino)[3.25],N1(imino)-N3[3.19],N2(amino)-O2(carbonyl)[3.24]",True,True,-168.758,-150.646,~C3'-endo,~C3'-endo
far_md_2607,X.ADE22,22,X.URA40,40,cWW,10.894,2,"N6(amino)-O4(carbonyl)[3.08],N1-N3(imino)[2.92]",True,True,-169.09,-162.854,~C3'-endo,~C3'-endo
far_md_2607,X.CYT24,24,X.CYT39,39,cSW,8.717,1,O2(carbonyl)-N4(amino)[3.07],True,False,-161.539,176.404,~C3'-endo,~C3'-endo
far_md_2607,X.URA25,25,X.URA38,38,cWW,8.409,2,"O4(carbonyl)-N3(imino)[2.90],N3(imino)-O2(carbonyl)[2.98]",True,False,-164.371,-154.924,~C3'-endo,~C3'-endo
far_md_2607,X.GUA26,26,X.CYT37,37,cWW,10.708,3,"O6(carbonyl)-N4(amino)[3.00],N1(imino)-N3[2.91],N2(amino)-O2(carbonyl)[2.88]",True,False,-160.408,-151.768,~C3'-endo,~C3'-endo
far_md_2607,X.ADE27,27,X.GUA36,36,cWW,13.044,2,"N6(amino)-O6(carbonyl)[2.86],N1-N1(imino)[3.11]",True,False,-157.059,-167.691,~C3'-endo,~C3'-endo
far_md_2607,X.GUA28,28,X.ADE35,35,cWW,12.849,3,"O6(carbonyl)-N6(amino)[3.00],N1(imino)-N1[3.06],N2(amino)-N1[2.97]",True,False,-161.992,-165.631,~C3'-endo,~C3'-endo
far_md_2607,X.CYT29,29,X.GUA34,34,cWW,10.938,3,"N4(amino)-O6(carbonyl)[3.21],N3-N1(imino)[3.10],O2(carbonyl)-N2(amino)[2.93]",True,True,-157.465,-167.905,~C3'-endo,~C3'-endo
far_md_2607,X.CYT30,30,X.GUA33,33,cWW,10.712,3,"N4(amino)-O6(carbonyl)[2.89],N3-N1(imino)[3.05],O2(carbonyl)-N2(amino)[2.85]",True,True,-156.193,-174.852,~C3'-endo,~C3'-endo
far_md_2607,X.URA51,51,X.GUA54,54,tSW,9.577,2,"O2(carbonyl)-N1(imino)[2.89],O2'(hydroxyl)-O6(carbonyl)[2.89]",True,False,-141.905,37.185,~C3'-endo,~C3'-endo
far_md_2767,X.GUA17,17,X.CYT45,45,cWW,10.321,4,"O6(carbonyl)-N4(amino)[3.26],N1(imino)-N3[2.90],N1(imino)-O2(carbonyl)[3.03],N2(amino)-O2(carbonyl)[2.70]",True,True,-155.746,-164.705,~C3'-endo,~C3'-endo
far_md_2767,X.GUA18,18,X.CYT44,44,cWW,10.292,3,"O6(carbonyl)-N4(amino)[2.84],N1(imino)-N3[2.91],N2(amino)-O2(carbonyl)[2.81]",True,True,-169.6,-163.065,~C3'-endo,~C3'-endo
far_md_2767,X.CYT19,19,X.GUA43,43,cWW,10.46,3,"N4(amino)-O6(carbonyl)[3.12],N3-N1(imino)[2.83],O2(carbonyl)-N2(amino)[2.71]",True,True,-167.967,-174.531,~C3'-endo,~C3'-endo
far_md_2767,X.ADE20,20,X.URA42,42,cWW,10.779,2,"N6(amino)-O4(carbonyl)[2.87],N1-N3(imino)[2.88]",True,True,-170.997,-162.344,~C3'-endo,~C3'-endo
far_md_2767,X.GUA21,21,X.CYT41,41,cWW,10.395,3,"O6(carbonyl)-N4(amino)[3.12],N1(imino)-N3[2.88],N2(amino)-O2(carbonyl)[2.87]",True,True,-169.746,-143.034,~C3'-endo,~C3'-endo
far_md_2767,X.ADE22,22,X.URA40,40,cWW,10.459,2,"N6(amino)-O4(carbonyl)[3.35],N1-N3(imino)[3.04]",True,True,-160.934,-166.025,~C3'-endo,~C3'-endo
far_md_2767,X.URA25,25,X.URA38,38,cWW,9.022,2,"O4(carbonyl)-N3(imino)[2.77],N3(imino)-O2(carbonyl)[2.92]",True,False,-157.075,-146.405,~C3'-endo,~C3'-endo
far_md_2767,X.GUA26,26,X.CYT37,37,cWW,11.118,3,"O6(carbonyl)-N4(amino)[3.10],N1(imino)-N3[3.07],N2(amino)-O2(carbonyl)[3.12]",True,False,-145.727,-156.546,~C3'-endo,~C3'-endo
far_md_2767,X.ADE27,27,X.GUA36,36,cWW,12.945,2,"N6(amino)-O6(carbonyl)[2.94],N1-N1(imino)[2.96]",True,False,-142.768,-177.399,~C3'-endo,~C3'-endo
far_md_2767,X.GUA28,28,X.ADE35,35,cWW,12.905,3,"O6(carbonyl)-N6(amino)[2.96],N1(imino)-N1[3.06],N2(amino)-N1[3.18]",True,False,-167.816,-160.866,~C3'-endo,~C3'-endo
far_md_2767,X.CYT29,29,X.GUA34,34,cWW,10.927,3,"N4(amino)-O6(carbonyl)[2.95],N3-N1(imino)[2.92],O2(carbonyl)-N2(amino)[3.06]",True,True,-165.393,-163.884,~C3'-endo,~C3'-endo
far_md_2767,X.CYT30,30,X.GUA33,33,cWW,10.186,3,"N4(amino)-O6(carbonyl)[2.91],N3-N1(imino)[2.91],O2(carbonyl)-N2(amino)[2.68]",True,True,-152.018,-154.333,~C3'-endo,~C3'-endo
far_md_2767,X.URA51,51,X.GUA54,54,tSW,9.289,1,O2(carbonyl)-N1(imino)[2.64],True,False,-141.438,47.986,~C3'-endo,~C3'-endo
far_md_3007,X.GUA17,17,X.CYT45,45,cWW,10.683,3,"N1(imino)-N3[2.87],N2(amino)-O2(carbonyl)[2.78],O6(carbonyl)-N4(amino)[2.84]",True,True,-175.399,-174.368,~C3'-endo,~C3'-endo
far_md_3007,X.GUA18,18,X.CYT44,44,cWW,10.724,3,"N1(imino)-N3[2.90],N2(amino)-O2(carbonyl)[2.81],O6(carbonyl)-N4(amino)[2.85]",True,True,-168.13,-164.101,~C3'-endo,~C3'-endo
far_md_3007,X.CYT19,19,X.GUA43,43,cWW,10.727,3,"O2(carbonyl)-N2(amino)[2.80],N3-N1(imino)[2.90],N4(amino)-O6(carbonyl)[2.86]",True,True,-162.493,-168.526,~C3'-endo,~C3'-endo
far_md_3007,X.ADE20,20,X.URA42,42,cWW,10.771,2,"N1-N3(imino)[2.91],N6(amino)-O4(carbonyl)[2.82]",True,True,-164.341,-163.497,~C3'-endo,~C3'-endo
far_md_3007,X.GUA21,21,X.CYT41,41,cWW,10.763,3,"N1(imino)-N3[2.91],N2(amino)-O2(carbonyl)[2.84],O6(carbonyl)-N4(amino)[2.84]",True,True,-165.508,-163.767,~C3'-endo,~C3'-endo
far_md_3007,X.ADE22,22,X.URA40,40,cWW,10.859,2,"N1-N3(imino)[2.97],N6(amino)-O4(carbonyl)[2.81]",True,True,-164.587,-161.977,~C3'-endo,~C3'-endo
far_md_3007,X.URA23,23,X.CYT24,24,cSH,6.61,1,O2(carbonyl)-N4(amino)[2.86],False,False,-133.946,-166.818,~C2'-endo,~C3'-endo
far_md_3007,X.CYT24,24,X.CYT39,39,cWW,8.602,2,"N3*O2(carbonyl)[2.92],N4(amino)-N3[2.80]",True,False,-166.818,-168.965,~C3'-endo,~C3'-endo
far_md_3007,X.URA25,25,X.URA38,38,cWW,9.823,2,"O2(carbonyl)-N3(imino)[3.86],N3(imino)-O4(carbonyl)[2.77]",True,False,-165.966,-172.938,~C3'-endo,~C3'-endo
far_md_3007,X.GUA26,26,X.CYT37,37,cWW,10.699,3,"N1(imino)-N3[2.90],N2(amino)-O2(carbonyl)[2.96],O6(carbonyl)-N4(amino)[2.78]",True,False,-170.217,-161.794,~C3'-endo,~C3'-endo
far_md_3007,X.ADE27,27,X.GUA36,36,cWW,12.775,3,"N1-N1(imino)[2.93],N1-N2(amino)[3.13],N6(amino)-O6(carbonyl)[3.00]",True,False,-160.453,-173.302,~C3'-endo,~C3'-endo
far_md_3007,X.GUA28,28,X.ADE35,35,cWW,12.8,2,"N1(imino)-N1[2.83],O6(carbonyl)-N6(amino)[2.76]",True,False,-175.314,-164.046,~C3'-endo,~C3'-endo
far_md_3007,X.CYT29,29,X.GUA34,34,cWW,10.914,3,"O2(carbonyl)-N2(amino)[3.15],N3-N1(imino)[3.00],N4(amino)-O6(carbonyl)[2.82]",True,True,-163.252,-165.176,~C3'-endo,~C3'-endo
far_md_3007,X.CYT30,30,X.GUA33,33,cWW,10.649,3,"O2(carbonyl)-N2(amino)[2.77],N3-N1(imino)[2.83],N4(amino)-O6(carbonyl)[2.78]",True,True,-158.833,-163.295,~C3'-endo,~C3'-endo
far_md_3007,X.URA51,51,X.GUA54,54,tSW,9.203,2,"O2'(hydroxyl)-O6(carbonyl)[2.71],O2(carbonyl)-N1(imino)[2.81]",True,False,-164.299,26.072,~C3'-endo,~C3'-endo
