,pdbid,nt1,nt1_num,nt2,nt2_num,LW,C1C1_dist,hbonds_num,hbonds_desc,in_helix,in_stem,chi1,chi2,sugar1,sugar2
0,far_md_1353,X.ADE27,27,X.GUA36,36,cWW,12.745999999999999,2,"N6(amino)-O6(carbonyl)[2.77],N1-N1(imino)[2.86]",True,False,-176.30200000000002,176.725,~C3'-endo,~C3'-endo
1,far_md_1353,X.GUA28,28,X.ADE35,35,cWW,12.751,3,"O6(carbonyl)-N6(amino)[2.99],N1(imino)-N1[3.04],N2(amino)-N1[2.96]",True,False,-170.632,-159.049,~C3'-endo,~C3'-endo
2,far_md_1501,X.ADE27,27,X.GUA36,36,cWW,12.91,2,"N1-N1(imino)[2.89],N6(amino)-O6(carbonyl)[2.78]",True,False,-162.881,-176.493,~C3'-endo,~C3'-endo
3,far_md_1501,X.GUA28,28,X.ADE35,35,cWW,12.727,2,"N1(imino)-N1[2.85],O6(carbonyl)-N6(amino)[2.87]",True,False,-167.488,-159.076,~C3'-endo,~C3'-endo
4,far_md_1502,X.ADE27,27,X.GUA36,36,cWW,12.728,2,"N1-N1(imino)[2.85],N6(amino)-O6(carbonyl)[2.81]",True,False,-161.487,-165.984,~C3'-endo,~C3'-endo
5,far_md_1502,X.GUA28,28,X.ADE35,35,cWW,12.793,2,"N1(imino)-N1[2.88],O6(carbonyl)-N6(amino)[2.89]",True,False,-172.187,-153.34,~C3'-endo,~C3'-endo
6,far_md_2172,X.ADE27,27,X.GUA36,36,cWW,12.945,2,"N6(amino)-O6(carbonyl)[2.84],N1-N1(imino)[2.96]",True,False,-155.56,-168.68900000000002,~C3'-endo,~C3'-endo
7,far_md_2172,X.GUA28,28,X.ADE35,35,cWW,12.734000000000002,2,"O6(carbonyl)-N6(amino)[2.97],N1(imino)-N1[2.86]",True,False,179.372,-156.989,~C3'-endo,~C3'-endo
8,far_md_2179,X.ADE27,27,X.GUA36,36,cWW,12.883,2,"N6(amino)-O6(carbonyl)[3.00],N1-N1(imino)[2.93]",True,False,-157.05100000000002,-163.773,~C3'-endo,~C3'-endo
9,far_md_2179,X.GUA28,28,X.ADE35,35,cWW,12.966,3,"O6(carbonyl)-N6(amino)[3.14],N1(imino)-N1[3.19],N2(amino)-N1[2.91]",True,False,-175.093,-159.67600000000002,~C3'-endo,~C3'-endo
10,far_md_2190,X.ADE27,27,X.GUA36,36,cWW,12.827,2,"N6(amino)-O6(carbonyl)[2.90],N1-N1(imino)[3.03]",True,False,-145.69,-167.385,~C3'-endo,~C3'-endo
11,far_md_2190,X.GUA28,28,X.ADE35,35,cWW,13.140999999999998,2,"O6(carbonyl)-N6(amino)[2.99],N1(imino)-N1[3.22]",True,False,-164.428,-170.358,~C3'-endo,~C3'-endo
12,far_md_2473,X.ADE27,27,X.GUA36,36,cWW,12.600999999999999,3,"N6(amino)-O6(carbonyl)[2.96],N1-N1(imino)[3.16],N1-N2(amino)[3.29]",True,False,-142.683,-155.184,~C3'-endo,~C3'-endo
13,far_md_2473,X.GUA28,28,X.ADE35,35,cWW,13.058,2,"O6(carbonyl)-N6(amino)[2.71],N1(imino)-N1[2.92]",True,False,-157.861,-160.88299999999998,~C3'-endo,~C3'-endo
14,far_md_2607,X.ADE27,27,X.GUA36,36,cWW,13.044,2,"N6(amino)-O6(carbonyl)[2.86],N1-N1(imino)[3.11]",True,False,-157.059,-167.69099999999997,~C3'-endo,~C3'-endo
15,far_md_2607,X.GUA28,28,X.ADE35,35,cWW,12.849,3,"O6(carbonyl)-N6(amino)[3.00],N1(imino)-N1[3.06],N2(amino)-N1[2.97]",True,False,-161.99200000000002,-165.63099999999997,~C3'-endo,~C3'-endo
16,far_md_2767,X.ADE27,27,X.GUA36,36,cWW,12.945,2,"N6(amino)-O6(carbonyl)[2.94],N1-N1(imino)[2.96]",True,False,-142.768,-177.399,~C3'-endo,~C3'-endo
17,far_md_2767,X.GUA28,28,X.ADE35,35,cWW,12.905,3,"O6(carbonyl)-N6(amino)[2.96],N1(imino)-N1[3.06],N2(amino)-N1[3.18]",True,False,-167.81599999999997,-160.866,~C3'-endo,~C3'-endo
18,far_md_3007,X.ADE27,27,X.GUA36,36,cWW,12.775,3,"N1-N1(imino)[2.93],N1-N2(amino)[3.13],N6(amino)-O6(carbonyl)[3.00]",True,False,-160.453,-173.30200000000002,~C3'-endo,~C3'-endo
19,far_md_3007,X.GUA28,28,X.ADE35,35,cWW,12.8,2,"N1(imino)-N1[2.83],O6(carbonyl)-N6(amino)[2.76]",True,False,-175.31400000000002,-164.046,~C3'-endo,~C3'-endo
